{
  "training_date": "2025-08-17T00:59:16.966873",
  "num_samples": 500,
  "test_accuracy": 0.5199999809265137,
  "test_precision": 0.5199999809265137,
  "test_recall": 1.0,
  "f1_score": 0.6842105098048074,
  "real_samples": 0,
  "synthetic_samples": 500
}